# Words the dictionary should have beyond the 10,000 most common: slang, regional words, phrases.
# spanish: the word, without article.  english: its meaning (leave empty to take Wiktionary's, if it has the word).
# pos: noun, verb, adj, adv, intj or phrase.  gender: m or f, for nouns.  labels: any of Mexico, Spain, colloquial, slang, vulgar.
# A verb's conjugations still come from the three-source check. Rebuild with scripts/build_dictionary.py.
spanish,english,pos,gender,plural,labels,example,example_en
¿qué onda?,what's up?,phrase,,,Mexico colloquial,"¿Qué onda, güey? ¿Cómo estás?","What's up, dude? How are you?"
chido,"cool, great",adj,,,Mexico colloquial,Está muy chido tu coche.,Your car is really cool.
neta,the truth; really?,noun,f,,Mexico colloquial,"¿Neta? No te creo.","Really? I don't believe you."
güey,"dude, buddy",noun,m,güeyes,Mexico slang,"No, güey, eso no es así.","No, dude, that's not how it is."
cuate,"buddy, pal",noun,m,cuates,Mexico colloquial,Voy al cine con mis cuates.,I'm going to the movies with my buddies.
chamba,"job, work",noun,f,chambas,Mexico colloquial,Tengo mucha chamba esta semana.,I have a lot of work this week.
chela,beer,noun,f,chelas,Mexico colloquial,¿Nos tomamos unas chelas?,Shall we have a few beers?
órale,come on!; OK!; wow!,intj,,,Mexico colloquial,"¡Órale, vámonos!","Come on, let's go!"
popote,drinking straw,noun,m,popotes,Mexico,"Un agua de horchata sin popote, por favor.","A horchata without a straw, please."
