spanish,english,example,notes,tags,type
¿Cómo estás?,How are you?,"—¿Cómo estás? —Bien, gracias.",Informal (tú). With usted: ¿Cómo está?,saludos,phrase
¿Qué tal?,How's it going?,"Hola, Ana, ¿qué tal?",Works with anyone,saludos,phrase
Mucho gusto.,Nice to meet you.,"—Soy Luis. —Mucho gusto, Luis.",Reply: Igualmente,saludos,phrase
Igualmente.,Likewise.,"—Mucho gusto. —Igualmente.",,saludos,phrase
¿Cómo te llamas?,What's your name?,"¿Cómo te llamas? Yo me llamo Sofía.",Formal: ¿Cómo se llama?,saludos,phrase
Me llamo…,My name is…,Me llamo Carlos.,,saludos,phrase
¿De dónde eres?,Where are you from?,¿De dónde eres? Soy de Guadalajara.,Formal: ¿De dónde es usted?,saludos,phrase
Nos vemos.,See you.,"Bueno, nos vemos mañana.",,saludos,phrase
Hasta luego.,See you later.,"Gracias por todo, hasta luego.",Also a polite goodbye to strangers,saludos,phrase
Que te vaya bien.,Take care. / Have a good one.,"Adiós, que te vaya bien.",Formal: Que le vaya bien,saludos,phrase
Buen provecho.,Enjoy your meal.,"—Buen provecho. —Gracias.",Said to people who are eating,saludos,phrase
Con permiso.,Excuse me (to get past).,"Con permiso, ¿me deja pasar?",Before you pass or leave; Perdón is after you bump someone,cortesía,phrase
Perdón.,Sorry. / Excuse me.,"Perdón, no te vi.",,cortesía,phrase
No te preocupes.,Don't worry.,"—Perdón por llegar tarde. —No te preocupes.",Formal: No se preocupe,cortesía,phrase
De nada.,You're welcome.,"—Gracias. —De nada.",Also: Con gusto / Por nada,cortesía,phrase
Con gusto.,My pleasure.,"—Gracias por la ayuda. —Con gusto.",Common in Mexico as a reply to gracias,cortesía,phrase
¿Me ayudas?,Can you help me?,"¿Me ayudas con esta caja?",Formal: ¿Me ayuda?,cortesía,phrase
No entiendo.,I don't understand.,"Perdón, no entiendo.",,conversación,phrase
¿Puedes repetirlo?,Can you repeat that?,"¿Puedes repetirlo, por favor?",Formal: ¿Puede repetirlo?,conversación,phrase
"Más despacio, por favor.","Slower, please.","Hablas muy rápido. Más despacio, por favor.",,conversación,phrase
¿Cómo se dice … en español?,How do you say … in Spanish?,"¿Cómo se dice ""spoon"" en español?",,conversación,phrase
¿Qué significa…?,What does … mean?,¿Qué significa «chamba»?,,conversación,phrase
Hablo un poco de español.,I speak a little Spanish.,"Hablo un poco de español, pero estoy aprendiendo.",,conversación,phrase
Estoy aprendiendo español.,I'm learning Spanish.,Estoy aprendiendo español para hablar con mi familia.,,conversación,phrase
Creo que sí.,I think so.,"—¿Va a llover? —Creo que sí.",Opposite: Creo que no,conversación,phrase
¡Claro que sí!,Of course!,"—¿Vienes a la fiesta? —¡Claro que sí!",,conversación,phrase
No sé.,I don't know.,"—¿A qué hora empieza? —No sé.",,conversación,phrase
¿En serio?,Really? / Seriously?,¿En serio? ¡No lo puedo creer!,In Mexico also: ¿Neta?,conversación,phrase
Tienes razón.,You're right.,"Tienes razón, es mejor ir mañana.",Formal: Tiene razón,conversación,phrase
Me da igual.,I don't mind. / It's all the same to me.,"—¿Pizza o tacos? —Me da igual.",,conversación,phrase
Ya me voy.,I'm heading out now.,"Ya me voy, nos vemos mañana.",,conversación,phrase
¿Qué pasó?,What happened?,¿Qué pasó? ¿Por qué estás triste?,Also a casual greeting in Mexico: ¿Qué pasó? (what's up?),conversación,phrase
Ahorita vengo.,I'll be right back.,"Espérame, ahorita vengo.",Mexico; ahorita can mean now or in a while,conversación,phrase
¿Cuánto cuesta?,How much does it cost?,"¿Cuánto cuesta este sombrero?",Plural: ¿Cuánto cuestan?,compras,phrase
Solo estoy viendo.,I'm just looking.,"—¿Le puedo ayudar? —No, gracias, solo estoy viendo.",,compras,phrase
¿Aceptan tarjeta?,Do you take cards?,¿Aceptan tarjeta o solo efectivo?,,compras,phrase
Me lo llevo.,I'll take it.,"Está bonito, me lo llevo.",Feminine thing: Me la llevo,compras,phrase
Quisiera…,I'd like…,"Quisiera un café, por favor.",Softer than Quiero,restaurante,phrase
¿Me trae la cuenta?,Can you bring me the check?,"Disculpe, ¿me trae la cuenta, por favor?","Also: La cuenta, por favor",restaurante,phrase
Para llevar.,To go.,"Dos tacos al pastor para llevar, por favor.",Eat in: para comer aquí,restaurante,phrase
¿Qué me recomienda?,What do you recommend?,"Es mi primera vez aquí, ¿qué me recomienda?",,restaurante,phrase
"Sin picante, por favor.","Not spicy, please.","Unos chilaquiles sin picante, por favor.",,restaurante,phrase
Tengo hambre.,I'm hungry.,Tengo hambre. ¿Vamos a comer?,Literally 'I have hunger'; also: Tengo sed (I'm thirsty),restaurante,phrase
¡Está muy rico!,It's delicious!,"¡Este mole está muy rico!",,restaurante,phrase
¿Dónde está el baño?,Where is the bathroom?,"Disculpe, ¿dónde está el baño?",,viajes,phrase
¿Cómo llego a…?,How do I get to…?,¿Cómo llego al centro?,,viajes,phrase
Está cerca.,It's close by.,"El museo está cerca, a dos cuadras.",Opposite: Está lejos,viajes,phrase
A la derecha.,To the right.,"Siga derecho y luego a la derecha.",Left: a la izquierda; straight: derecho,viajes,phrase
¿A qué hora sale?,What time does it leave?,¿A qué hora sale el camión a Puebla?,In Mexico a bus is el camión,viajes,phrase
Me perdí.,I'm lost.,"Perdón, me perdí. ¿Dónde estamos?",,viajes,phrase
¿Qué hora es?,What time is it?,"—¿Qué hora es? —Son las tres.",,tiempo,phrase
Hace calor.,It's hot (weather).,Hoy hace mucho calor.,Cold: Hace frío,tiempo,phrase
Tengo prisa.,I'm in a hurry.,"Perdón, tengo prisa, hablamos luego.",,tiempo,phrase
Me gusta…,I like…,Me gusta la música mexicana.,Plural things: Me gustan los tacos,sentimientos,phrase
Estoy cansado.,I'm tired.,Estoy cansado; trabajé todo el día.,A woman says: Estoy cansada,sentimientos,phrase
Me siento mal.,I feel sick. / I feel bad.,"Me siento mal, creo que tengo fiebre.",,sentimientos,phrase
¡Qué padre!,How cool!,"¿Vas a ir a Oaxaca? ¡Qué padre!",Mexico,sentimientos,phrase
¡No manches!,No way! / You're kidding!,¡No manches! ¿Te ganaste la lotería?,"Mexico, casual",sentimientos,phrase
Te extraño.,I miss you.,"Te extraño mucho, ¿cuándo vienes?",In Spain: Te echo de menos,sentimientos,phrase
Necesito ayuda.,I need help.,"Necesito ayuda, por favor.",Emergency: ¡Ayuda!,emergencias,phrase
Llame a una ambulancia.,Call an ambulance.,"¡Llame a una ambulancia, por favor!",,emergencias,phrase
Soy alérgico a…,I'm allergic to…,Soy alérgico a los cacahuates.,A woman says: alérgica; in Mexico peanuts are cacahuates,emergencias,phrase
