spanish,english,example,notes,tags,presente,preterito,imperfecto,futuro,condicional,subjuntivo,frases
hola,hello,"Hola, ¿cómo estás?",,greetings,,,,,,,
gracias,thank you,Muchas gracias por tu ayuda.,,greetings,,,,,,,
por favor,please,"Un café, por favor.",,greetings,,,,,,,
el agua,water,Quiero un vaso de agua.,Feminine noun that takes “el” in the singular,food,,,,,,,
comer,to eat,Vamos a comer a las dos.,,verbs regular,como|comes|come|comemos|coméis|comen,comí|comiste|comió|comimos|comisteis|comieron,comía|comías|comía|comíamos|comíais|comían,comeré|comerás|comerá|comeremos|comeréis|comerán,comería|comerías|comería|comeríamos|comeríais|comerían,coma|comas|coma|comamos|comáis|coman,Siempre como fruta por la mañana.|Ayer comí paella con mis amigos.
hablar,to speak / to talk,Hablo un poco de español.,,verbs regular,hablo|hablas|habla|hablamos|habláis|hablan,hablé|hablaste|habló|hablamos|hablasteis|hablaron,hablaba|hablabas|hablaba|hablábamos|hablabais|hablaban,hablaré|hablarás|hablará|hablaremos|hablaréis|hablarán,hablaría|hablarías|hablaría|hablaríamos|hablaríais|hablarían,hable|hables|hable|hablemos|habléis|hablen,Hablé con mi jefe ayer.
tener,to have,Tengo dos hermanos.,"Irregular: tengo, tienes, tiene",verbs yo-go e-ie,tengo|tienes|tiene|tenemos|tenéis|tienen,tuve|tuviste|tuvo|tuvimos|tuvisteis|tuvieron,tenía|tenías|tenía|teníamos|teníais|tenían,tendré|tendrás|tendrá|tendremos|tendréis|tendrán,tendría|tendrías|tendría|tendríamos|tendríais|tendrían,tenga|tengas|tenga|tengamos|tengáis|tengan,Ayer tuve que trabajar hasta tarde.
ser,to be,Soy de Estados Unidos.,Permanent traits and identity,verbs irregular,soy|eres|es|somos|sois|son,fui|fuiste|fue|fuimos|fuisteis|fueron,era|eras|era|éramos|erais|eran,seré|serás|será|seremos|seréis|serán,sería|serías|sería|seríamos|seríais|serían,sea|seas|sea|seamos|seáis|sean,La película fue muy aburrida.
estar,to be,Estoy cansado hoy.,Location and temporary states,verbs irregular,estoy|estás|está|estamos|estáis|están,estuve|estuviste|estuvo|estuvimos|estuvisteis|estuvieron,estaba|estabas|estaba|estábamos|estabais|estaban,estaré|estarás|estará|estaremos|estaréis|estarán,estaría|estarías|estaría|estaríamos|estaríais|estarían,esté|estés|esté|estemos|estéis|estén,Estuve en Cancún la semana pasada.
ir,to go,Voy al mercado.,"Irregular: voy, vas, va",verbs irregular,voy|vas|va|vamos|vais|van,fui|fuiste|fue|fuimos|fuisteis|fueron,iba|ibas|iba|íbamos|ibais|iban,iré|irás|irá|iremos|iréis|irán,iría|irías|iría|iríamos|iríais|irían,vaya|vayas|vaya|vayamos|vayáis|vayan,Fuimos a la playa el domingo.
querer,to want / to love,Quiero aprender español.,,verbs e-ie,quiero|quieres|quiere|queremos|queréis|quieren,quise|quisiste|quiso|quisimos|quisisteis|quisieron,quería|querías|quería|queríamos|queríais|querían,querré|querrás|querrá|querremos|querréis|querrán,querría|querrías|querría|querríamos|querríais|querrían,quiera|quieras|quiera|queramos|queráis|quieran,No quise molestarte.
poder,to be able to / can,¿Puedes ayudarme?,,verbs o-ue,puedo|puedes|puede|podemos|podéis|pueden,pude|pudiste|pudo|pudimos|pudisteis|pudieron,podía|podías|podía|podíamos|podíais|podían,podré|podrás|podrá|podremos|podréis|podrán,podría|podrías|podría|podríamos|podríais|podrían,pueda|puedas|pueda|podamos|podáis|puedan,No pude venir a la fiesta.
saber,to know,No sé la respuesta.,Facts and skills; “conocer” is for people and places,verbs irregular,sé|sabes|sabe|sabemos|sabéis|saben,supe|supiste|supo|supimos|supisteis|supieron,sabía|sabías|sabía|sabíamos|sabíais|sabían,sabré|sabrás|sabrá|sabremos|sabréis|sabrán,sabría|sabrías|sabría|sabríamos|sabríais|sabrían,sepa|sepas|sepa|sepamos|sepáis|sepan,Supe la noticia ayer.
conocer,to know / to be familiar with,¿Conoces a mi hermana?,People and places,verbs yo-zco,conozco|conoces|conoce|conocemos|conocéis|conocen,conocí|conociste|conoció|conocimos|conocisteis|conocieron,conocía|conocías|conocía|conocíamos|conocíais|conocían,conoceré|conocerás|conocerá|conoceremos|conoceréis|conocerán,conocería|conocerías|conocería|conoceríamos|conoceríais|conocerían,conozca|conozcas|conozca|conozcamos|conozcáis|conozcan,Conocí a mi esposa en la universidad.
la casa,house / home,Mi casa está cerca del parque.,,places,,,,,,,
¿dónde?,where?,¿Dónde vives?,,questions,,,,,,,
hoy,today,Hoy es lunes.,,time,,,,,,,
bueno,good,Es un buen libro.,Shortens to “buen” before a masculine noun,adjectives,,,,,,,
el amigo,friend,Mi amigo vive en Bogotá.,,people,,,,,,,
la familia,family,Mi familia es pequeña.,,people,,,,,,,
